<?xml version="1.0" encoding="UTF-8"?>
<project-private xmlns="http://www.netbeans.org/ns/project-private/1">
    <editor-bookmarks xmlns="http://www.netbeans.org/ns/editor-bookmarks/2" lastBookmarkId="0"/>
    <open-files xmlns="http://www.netbeans.org/ns/projectui-open-files/2">
        <group>
            <file>file:/D:/Marzec/ipEGZAM/egzamin/egzamin/src/Medicament/VitaminCoctail.java</file>
            <file>file:/D:/Marzec/ipEGZAM/egzamin/egzamin/src/ZooSimulation/ToSeason.java</file>
            <file>file:/D:/Marzec/ipEGZAM/egzamin/egzamin/src/Animals/Pigeon.java</file>
            <file>file:/D:/Marzec/ipEGZAM/egzamin/egzamin/src/Medicament/Steroids.java</file>
            <file>file:/D:/Marzec/ipEGZAM/egzamin/egzamin/src/ZooSimulation/Zoo.java</file>
            <file>file:/D:/Marzec/ipEGZAM/egzamin/egzamin/src/Meal/Meal.java</file>
            <file>file:/D:/Marzec/ipEGZAM/egzamin/egzamin/src/ZooSimulation/Seasons.java</file>
            <file>file:/D:/Marzec/ipEGZAM/egzamin/egzamin/src/Animals/Gorilla.java</file>
            <file>file:/D:/Marzec/ipEGZAM/egzamin/egzamin/src/MealAdditions/Foods/RawMeat.java</file>
            <file>file:/D:/Marzec/ipEGZAM/egzamin/egzamin/src/Animals/TypesOfFood.java</file>
            <file>file:/D:/Marzec/ipEGZAM/egzamin/egzamin/src/Animals/Bear.java</file>
            <file>file:/D:/Marzec/ipEGZAM/egzamin/egzamin/src/Animals/AnimalFactory/AnimalFactory.java</file>
            <file>file:/D:/Marzec/ipEGZAM/egzamin/egzamin/src/Meal/MealDecorator.java</file>
            <file>file:/D:/Marzec/ipEGZAM/egzamin/egzamin/src/MealAdditions/Foods/Rice.java</file>
            <file>file:/D:/Marzec/ipEGZAM/egzamin/egzamin/src/Animals/Animal.java</file>
            <file>file:/D:/Marzec/ipEGZAM/egzamin/egzamin/src/Animals/Lion.java</file>
            <file>file:/D:/Marzec/ipEGZAM/egzamin/egzamin/src/Animals/Giraffe.java</file>
            <file>file:/D:/Marzec/ipEGZAM/egzamin/egzamin/src/Animals/AnimalFactory/TypesOfAnimals.java</file>
            <file>file:/D:/Marzec/ipEGZAM/egzamin/egzamin/src/ZooSimulation/IZooOperation.java</file>
            <file>file:/D:/Marzec/ipEGZAM/egzamin/egzamin/src/ZooSimulation/Client.java</file>
            <file>file:/D:/Marzec/ipEGZAM/egzamin/egzamin/src/MealAdditions/Foods/FreshFruit.java</file>
        </group>
    </open-files>
</project-private>
